{
  "dataset_revision": "4f58c6b202a23cf9a4da393831edf4f9183cad37",
  "mteb_dataset_name": "EmotionClassification",
  "mteb_version": "1.2.0",
  "test": {
    "accuracy": 0.20655,
    "accuracy_stderr": 0.03902463965240423,
    "evaluation_time": 4398.19,
    "f1": 0.17523029518237007,
    "f1_stderr": 0.021088847119969625,
    "main_score": 0.20655
  },
  "validation": {
    "accuracy": 0.21234999999999998,
    "accuracy_stderr": 0.03751336428527839,
    "evaluation_time": 4434.28,
    "f1": 0.18402314056204205,
    "f1_stderr": 0.02261561372267123,
    "main_score": 0.21234999999999998
  }
}