{
  "dataset_revision": "4f58c6b202a23cf9a4da393831edf4f9183cad37",
  "mteb_dataset_name": "EmotionClassification",
  "mteb_version": "1.2.0",
  "test": {
    "accuracy": 0.26844999999999997,
    "accuracy_stderr": 0.02087516467000919,
    "evaluation_time": 621.49,
    "f1": 0.23513571445178655,
    "f1_stderr": 0.012233422487953461,
    "main_score": 0.26844999999999997
  },
  "validation": {
    "accuracy": 0.26845,
    "accuracy_stderr": 0.022091231292076047,
    "evaluation_time": 629.53,
    "f1": 0.23964046757708748,
    "f1_stderr": 0.01678342183575771,
    "main_score": 0.26845
  }
}