{
  "dataset_revision": "4f58c6b202a23cf9a4da393831edf4f9183cad37",
  "mteb_dataset_name": "EmotionClassification",
  "mteb_version": "1.2.0",
  "test": {
    "accuracy": 0.31460000000000005,
    "accuracy_stderr": 0.02568735097280372,
    "evaluation_time": 650.92,
    "f1": 0.28551826189061813,
    "f1_stderr": 0.01838441037567267,
    "main_score": 0.31460000000000005
  },
  "validation": {
    "accuracy": 0.31205,
    "accuracy_stderr": 0.02473807793665466,
    "evaluation_time": 638.31,
    "f1": 0.2871049341942798,
    "f1_stderr": 0.0177891775324011,
    "main_score": 0.31205
  }
}