{
  "dataset_revision": "4f58c6b202a23cf9a4da393831edf4f9183cad37",
  "mteb_dataset_name": "EmotionClassification",
  "mteb_version": "1.2.0",
  "test": {
    "accuracy": 0.26419999999999993,
    "accuracy_stderr": 0.020759576103572062,
    "evaluation_time": 626.14,
    "f1": 0.23246502884936437,
    "f1_stderr": 0.011488846119576037,
    "main_score": 0.26419999999999993
  },
  "validation": {
    "accuracy": 0.2641,
    "accuracy_stderr": 0.02166310227091216,
    "evaluation_time": 686.43,
    "f1": 0.23536761611535936,
    "f1_stderr": 0.014641747655373289,
    "main_score": 0.2641
  }
}